primaryAccession,uniProtkbId,proteinDescription
A0A0C5B5G6,MOTSC_HUMAN,Mitochondrial-derived peptide MOTS-c
A0A1B0GTW7,CIROP_HUMAN,Ciliated left-right organizer metallopeptidase
A0JNW5,BLT3B_HUMAN,Bridge-like lipid transfer protein family member 3B
A0JP26,POTB3_HUMAN,POTE ankyrin domain family member B3
A0PK11,CLRN2_HUMAN,Clarin-2
A1A4S6,RHG10_HUMAN,Rho GTPase-activating protein 10
A1A519,F170A_HUMAN,Protein FAM170A
A1L190,SYCE3_HUMAN,Synaptonemal complex central element protein 3
A1L3X0,ELOV7_HUMAN,Very long chain fatty acid elongase 7
A1X283,SPD2B_HUMAN,SH3 and PX domain-containing protein 2B
A2A2Y4,FRMD3_HUMAN,FERM domain-containing protein 3
A2RU14,TM218_HUMAN,Transmembrane protein 218
A2RUB6,CCD66_HUMAN,Coiled-coil domain-containing protein 66
A2RUC4,TYW5_HUMAN,tRNA wybutosine-synthesizing protein 5
A4D1B5,GSAP_HUMAN,Gamma-secretase-activating protein
A4GXA9,EME2_HUMAN,Probable crossover junction endonuclease EME2
A5D8V7,ODAD3_HUMAN,Outer dynein arm-docking complex subunit 3
A5PLL7,PDES1_HUMAN,Plasmanylethanolamine desaturase 1
A6BM72,MEG11_HUMAN,Multiple epidermal growth factor-like domains protein 11
A6H8Y1,BDP1_HUMAN,Transcription factor TFIIIB component B'' homolog
A6NCS4,NKX26_HUMAN,Homeobox protein Nkx-2.6
A6NFY7,SDHF1_HUMAN,"Succinate dehydrogenase assembly factor 1, mitochondrial"
A6NGG8,PCARE_HUMAN,Photoreceptor cilium actin regulator
A6NI61,MYMK_HUMAN,Protein myomaker
A6NKB5,PCX2_HUMAN,Pecanex-like protein 2
A6NNB3,IFM5_HUMAN,Interferon-induced transmembrane protein 5
A7E2V4,ZSWM8_HUMAN,Zinc finger SWIM domain-containing protein 8
A7MCY6,TBKB1_HUMAN,TANK-binding kinase 1-binding protein 1
A7MD48,SRRM4_HUMAN,Serine/arginine repetitive matrix protein 4
A7XYQ1,SOBP_HUMAN,Sine oculis-binding protein homolog
A8MQ03,CRTP1_HUMAN,Cysteine-rich tail protein 1
A8MW99,MEI4_HUMAN,Meiosis-specific protein MEI4
A9UHW6,MI4GD_HUMAN,MIF4G domain-containing protein
B1AK53,ESPN_HUMAN,Espin
B2RUY7,VWC2L_HUMAN,von Willebrand factor C domain-containing protein 2-like
B3KU38,IQIP1_HUMAN,IQCJ-SCHIP1 readthrough transcript protein
B6A8C7,TARM1_HUMAN,"T-cell-interacting, activating receptor on myeloid cells protein 1"
B7U540,KCJ18_HUMAN,Inward rectifier potassium channel 18
C9JLW8,MCRI1_HUMAN,Mapk-regulated corepressor-interacting protein 1
C9JRZ8,AK1BF_HUMAN,Aldo-keto reductase family 1 member B15
D3W0D1,KLRF2_HUMAN,Killer cell lectin-like receptor subfamily F member 2
E0CX11,STMP1_HUMAN,Short transmembrane mitochondrial protein 1
O00115,DNS2A_HUMAN,Deoxyribonuclease-2-alpha
O00116,ADAS_HUMAN,"Alkyldihydroxyacetonephosphate synthase, peroxisomal"
O00159,MYO1C_HUMAN,Unconventional myosin-Ic
O00161,SNP23_HUMAN,Synaptosomal-associated protein 23
O00165,HAX1_HUMAN,HCLS1-associated protein X-1
O00168,PLM_HUMAN,Phospholemman
O00214,LEG8_HUMAN,Galectin-8
O00237,RN103_HUMAN,E3 ubiquitin-protein ligase RNF103
O00254,PAR3_HUMAN,Proteinase-activated receptor 3
O00268,TAF4_HUMAN,Transcription initiation factor TFIID subunit 4
O00291,HIP1_HUMAN,Huntingtin-interacting protein 1
O00300,TR11B_HUMAN,Tumor necrosis factor receptor superfamily member 11B
O00322,UPK1A_HUMAN,Uroplakin-1a
O00329,PK3CD_HUMAN,"Phosphatidylinositol 4,5-bisphosphate 3-kinase catalytic subunit delta isoform"
O00330,ODPX_HUMAN,"Pyruvate dehydrogenase protein X component, mitochondrial"
O00337,S28A1_HUMAN,Sodium/nucleoside cotransporter 1
O00400,ACATN_HUMAN,Acetyl-coenzyme A transporter 1
O00409,FOXN3_HUMAN,Forkhead box protein N3
O00422,SAP18_HUMAN,Histone deacetylase complex subunit SAP18
O00444,PLK4_HUMAN,Serine/threonine-protein kinase PLK4
O00453,LST1_HUMAN,Leukocyte-specific transcript 1 protein
O00462,MANBA_HUMAN,Beta-mannosidase
O00478,BT3A3_HUMAN,Butyrophilin subfamily 3 member A3
O00487,PSDE_HUMAN,26S proteasome non-ATPase regulatory subunit 14
O00505,IMA4_HUMAN,Importin subunit alpha-4
O00506,STK25_HUMAN,Serine/threonine-protein kinase 25
O00507,USP9Y_HUMAN,Ubiquitin carboxyl-terminal hydrolase 9Y
O00560,SDCB1_HUMAN,Syntenin-1
O00591,GBRP_HUMAN,Gamma-aminobutyric acid receptor subunit pi
O00622,CCN1_HUMAN,CCN family member 1
O00624,NPT3_HUMAN,Sodium-dependent phosphate transport protein 3
O00635,TRI38_HUMAN,E3 ubiquitin-protein ligase TRIM38
O00712,NFIB_HUMAN,Nuclear factor 1 B-type
O00746,NDKM_HUMAN,"Nucleoside diphosphate kinase, mitochondrial"
O00748,EST2_HUMAN,Cocaine esterase
O00762,UBE2C_HUMAN,Ubiquitin-conjugating enzyme E2 C
O14497,ARI1A_HUMAN,AT-rich interactive domain-containing protein 1A
O14503,BHE40_HUMAN,Class E basic helix-loop-helix protein 40
O14508,SOCS2_HUMAN,Suppressor of cytokine signaling 2
O14519,CDKA1_HUMAN,Cyclin-dependent kinase 2-associated protein 1
O14524,NEMP1_HUMAN,Nuclear envelope integral membrane protein 1
O14561,ACPM_HUMAN,"Acyl carrier protein, mitochondrial"
O14613,BORG1_HUMAN,Cdc42 effector protein 2
O14618,CCS_HUMAN,Copper chaperone for superoxide dismutase
O14628,ZN195_HUMAN,Zinc finger protein 195
O14638,ENPP3_HUMAN,Ectonucleotide pyrophosphatase/phosphodiesterase family member 3
O14640,DVL1_HUMAN,Segment polarity protein dishevelled homolog DVL-1
O14654,IRS4_HUMAN,Insulin receptor substrate 4
O14657,TOR1B_HUMAN,Torsin-1B
O14744,ANM5_HUMAN,Protein arginine N-methyltransferase 5
O14756,H17B6_HUMAN,17-beta-hydroxysteroid dehydrogenase type 6
O14757,CHK1_HUMAN,Serine/threonine-protein kinase Chk1
O14763,TR10B_HUMAN,Tumor necrosis factor receptor superfamily member 10B
O14788,TNF11_HUMAN,Tumor necrosis factor ligand superfamily member 11
O14804,TAAR5_HUMAN,Trace amine-associated receptor 5
O14813,PHX2A_HUMAN,Paired mesoderm homeobox protein 2A
O14843,FFAR3_HUMAN,Free fatty acid receptor 3
O14907,TX1B3_HUMAN,Tax1-binding protein 3
O14908,GIPC1_HUMAN,PDZ domain-containing protein GIPC1
O14910,LIN7A_HUMAN,Protein lin-7 homolog A
O14925,TIM23_HUMAN,Mitochondrial import inner membrane translocase subunit Tim23
O14926,FSCN2_HUMAN,Fascin-2
O14933,UB2L6_HUMAN,Ubiquitin/ISG15-conjugating enzyme E2 L6
O14939,PLD2_HUMAN,Phospholipase D2
O14949,QCR8_HUMAN,Cytochrome b-c1 complex subunit 8
O14958,CASQ2_HUMAN,Calsequestrin-2
O14960,LECT2_HUMAN,Leukocyte cell-derived chemotaxin-2
O14967,CLGN_HUMAN,Calmegin
O14975,S27A2_HUMAN,Long-chain fatty acid transport protein 2
O14979,HNRDL_HUMAN,Heterogeneous nuclear ribonucleoprotein D-like
O14994,SYN3_HUMAN,Synapsin-3
O15067,PUR4_HUMAN,Phosphoribosylformylglycinamidine synthase
O15078,CE290_HUMAN,Centrosomal protein of 290 kDa
O15111,IKKA_HUMAN,Inhibitor of nuclear factor kappa-B kinase subunit alpha
O15116,LSM1_HUMAN,U6 snRNA-associated Sm-like protein LSm1
O15119,TBX3_HUMAN,T-box transcription factor TBX3
O15120,PLCB_HUMAN,1-acyl-sn-glycerol-3-phosphate acyltransferase beta
O15127,SCAM2_HUMAN,Secretory carrier-associated membrane protein 2
O15156,ZBT7B_HUMAN,Zinc finger and BTB domain-containing protein 7B
O15162,PLS1_HUMAN,Phospholipid scramblase 1
O15169,AXIN1_HUMAN,Axin-1
O15230,LAMA5_HUMAN,Laminin subunit alpha-5
O15232,MATN3_HUMAN,Matrilin-3
O15245,S22A1_HUMAN,Solute carrier family 22 member 1
O15247,CLIC2_HUMAN,Chloride intracellular channel protein 2
O15259,NPHP1_HUMAN,Nephrocystin-1
O15260,SURF4_HUMAN,Surfeit locus protein 4
O15263,DFB4A_HUMAN,Defensin beta 4A
O15265,ATX7_HUMAN,Ataxin-7
O15266,SHOX_HUMAN,Short stature homeobox protein
O15269,SPTC1_HUMAN,Serine palmitoyltransferase 1
O15297,PPM1D_HUMAN,Protein phosphatase 1D
O15318,RPC7_HUMAN,DNA-directed RNA polymerase III subunit RPC7
O15389,SIGL5_HUMAN,Sialic acid-binding Ig-like lectin 5
O15399,NMDE4_HUMAN,"Glutamate receptor ionotropic, NMDA 2D"
O15400,STX7_HUMAN,Syntaxin-7
O15446,RPA34_HUMAN,DNA-directed RNA polymerase I subunit RPA34
O15484,CAN5_HUMAN,Calpain-5
O15488,GLYG2_HUMAN,Glycogenin-2
O15511,ARPC5_HUMAN,Actin-related protein 2/3 complex subunit 5
O15520,FGF10_HUMAN,Fibroblast growth factor 10
O15533,TPSN_HUMAN,Tapasin
O15540,FABP7_HUMAN,"Fatty acid-binding protein, brain"
O15541,R113A_HUMAN,E3 ubiquitin-protein ligase RNF113A
O15551,CLD3_HUMAN,Claudin-3
O15554,KCNN4_HUMAN,Intermediate conductance calcium-activated potassium channel protein 4
O42043,ENK18_HUMAN,Endogenous retrovirus group K member 18 Env polyprotein
O43143,DHX15_HUMAN,ATP-dependent RNA helicase DHX15
O43155,FLRT2_HUMAN,Leucine-rich repeat transmembrane protein FLRT2
O43166,SI1L1_HUMAN,Signal-induced proliferation-associated 1-like protein 1
O43172,PRP4_HUMAN,U4/U6 small nuclear ribonucleoprotein Prp4
O43181,NDUS4_HUMAN,"NADH dehydrogenase [ubiquinone] iron-sulfur protein 4, mitochondrial"
O43196,MSH5_HUMAN,MutS protein homolog 5
O43237,DC1L2_HUMAN,Cytoplasmic dynein 1 light intermediate chain 2
O43264,ZW10_HUMAN,Centromere/kinetochore protein zw10 homolog
O43294,TGFI1_HUMAN,Transforming growth factor beta-1-induced transcript 1 protein
O43310,CTIF_HUMAN,CBP80/20-dependent translation initiation factor
O43323,DHH_HUMAN,Desert hedgehog protein
O43395,PRPF3_HUMAN,U4/U6 small nuclear ribonucleoprotein Prp3
O43439,MTG8R_HUMAN,Protein CBFA2T2
O43464,HTRA2_HUMAN,"Serine protease HTRA2, mitochondrial"
O43474,KLF4_HUMAN,Krueppel-like factor 4
O43521,B2L11_HUMAN,Bcl-2-like protein 11
O43525,KCNQ3_HUMAN,Potassium voltage-gated channel subfamily KQT member 3
O43526,KCNQ2_HUMAN,Potassium voltage-gated channel subfamily KQT member 2
O43529,CHSTA_HUMAN,Carbohydrate sulfotransferase 10
O43543,XRCC2_HUMAN,DNA repair protein XRCC2
O43548,TGM5_HUMAN,Protein-glutamine gamma-glutamyltransferase 5
O43556,SGCE_HUMAN,Epsilon-sarcoglycan
O43566,RGS14_HUMAN,Regulator of G-protein signaling 14
O43581,SYT7_HUMAN,Synaptotagmin-7
O43593,HAIR_HUMAN,Lysine-specific demethylase hairless
O43598,DNPH1_HUMAN,5-hydroxymethyl-dUMP N-hydrolase
O43603,GALR2_HUMAN,Galanin receptor type 2
O43609,SPY1_HUMAN,Protein sprouty homolog 1
O43715,TRIA1_HUMAN,TP53-regulated inhibitor of apoptosis 1
O43719,HTSF1_HUMAN,17S U2 SnRNP complex component HTATSF1
O43761,SNG3_HUMAN,Synaptogyrin-3
O43763,TLX2_HUMAN,T-cell leukemia homeobox protein 2
O43808,PM34_HUMAN,Peroxisomal membrane protein PMP34
O43818,U3IP2_HUMAN,U3 small nucleolar RNA-interacting protein 2
O43823,AKAP8_HUMAN,A-kinase anchor protein 8
O43825,B3GT2_HUMAN,"Beta-1,3-galactosyltransferase 2"
O43826,G6PT1_HUMAN,Glucose-6-phosphate exchanger SLC37A4
O43827,ANGL7_HUMAN,Angiopoietin-related protein 7
O43854,EDIL3_HUMAN,EGF-like repeat and discoidin I-like domain-containing protein 3
O43865,SAHH2_HUMAN,S-adenosylhomocysteine hydrolase-like protein 1
O43866,CD5L_HUMAN,CD5 antigen-like
O43868,S28A2_HUMAN,Sodium/nucleoside cotransporter 2
O43897,TLL1_HUMAN,Tolloid-like protein 1
O43903,GAS2_HUMAN,Growth arrest-specific protein 2
O43913,ORC5_HUMAN,Origin recognition complex subunit 5
O43914,TYOBP_HUMAN,TYRO protein tyrosine kinase-binding protein
O60235,TM11D_HUMAN,Transmembrane protease serine 11D
O60264,SMCA5_HUMAN,SWI/SNF-related matrix-associated actin-dependent regulator of chromatin subfamily A member 5
O60266,ADCY3_HUMAN,Adenylate cyclase type 3
O60281,ZN292_HUMAN,Zinc finger protein 292
O60284,ST18_HUMAN,Suppression of tumorigenicity 18 protein
O60307,MAST3_HUMAN,Microtubule-associated serine/threonine-protein kinase 3
O60315,ZEB2_HUMAN,Zinc finger E-box-binding homeobox 2
O60381,HBP1_HUMAN,HMG box-containing protein 1
O60393,NOBOX_HUMAN,Homeobox protein NOBOX
O60449,LY75_HUMAN,Lymphocyte antigen 75
O60469,DSCAM_HUMAN,Cell adhesion molecule DSCAM
O60481,ZIC3_HUMAN,Zinc finger protein ZIC 3
O60502,OGA_HUMAN,Protein O-GlcNAcase
O60519,CRBL2_HUMAN,cAMP-responsive element-binding protein-like 2
O60548,FOXD2_HUMAN,Forkhead box protein D2
O60568,PLOD3_HUMAN,Multifunctional procollagen lysine hydroxylase and glycosyltransferase LH3
O60635,TSN1_HUMAN,Tetraspanin-1
O60636,TSN2_HUMAN,Tetraspanin-2
O60667,FCMR_HUMAN,Immunoglobulin mu Fc receptor
O60678,ANM3_HUMAN,Protein arginine N-methyltransferase 3
O60682,MUSC_HUMAN,Musculin
O60687,SRPX2_HUMAN,Sushi repeat-containing protein SRPX2
O60706,ABCC9_HUMAN,ATP-binding cassette sub-family C member 9
O60729,CC14B_HUMAN,Dual specificity protein phosphatase CDC14B
O60741,HCN1_HUMAN,Potassium/sodium hyperpolarization-activated cyclic nucleotide-gated channel 1
O60759,CYTIP_HUMAN,Cytohesin-interacting protein
O60784,TOM1_HUMAN,Target of Myb1 membrane trafficking protein
O60814,H2B1K_HUMAN,Histone H2B type 1-K
O60831,PRAF2_HUMAN,PRA1 family protein 2
O60879,DIAP2_HUMAN,Protein diaphanous homolog 2
O60882,MMP20_HUMAN,Matrix metalloproteinase-20
O60884,DNJA2_HUMAN,DnaJ homolog subfamily A member 2
O60909,B4GT2_HUMAN,"Beta-1,4-galactosyltransferase 2"
O60921,HUS1_HUMAN,Checkpoint protein HUS1
O60930,RNH1_HUMAN,Ribonuclease H1
O60938,KERA_HUMAN,Keratocan
O60939,SCN2B_HUMAN,Sodium channel regulatory subunit beta-2
O60941,DTNB_HUMAN,Dystrobrevin beta
O60942,MCE1_HUMAN,mRNA-capping enzyme
O75019,LIRA1_HUMAN,Leukocyte immunoglobulin-like receptor subfamily A member 1
O75022,LIRB3_HUMAN,Leukocyte immunoglobulin-like receptor subfamily B member 3
O75072,FKTN_HUMAN,Ribitol-5-phosphate transferase FKTN
O75077,ADA23_HUMAN,Disintegrin and metalloproteinase domain-containing protein 23
O75132,ZBED4_HUMAN,Zinc finger BED domain-containing protein 4
O75151,PHF2_HUMAN,Lysine-specific demethylase PHF2
O75159,SOCS5_HUMAN,Suppressor of cytokine signaling 5
O75175,CNOT3_HUMAN,CCR4-NOT transcription complex subunit 3
O75177,CREST_HUMAN,Calcium-responsive transactivator
O75190,DNJB6_HUMAN,DnaJ homolog subfamily B member 6
O75191,XYLB_HUMAN,Xylulose kinase
O75309,CAD16_HUMAN,Cadherin-16
O75319,DUS11_HUMAN,RNA/RNP complex-1-interacting phosphatase
O75334,LIPA2_HUMAN,Liprin-alpha-2
O75339,CILP1_HUMAN,Cartilage intermediate layer protein 1
O75344,FKBP6_HUMAN,Inactive peptidyl-prolyl cis-trans isomerase FKBP6
O75365,TP4A3_HUMAN,Protein tyrosine phosphatase type IVA 3
O75367,H2AY_HUMAN,Core histone macro-H2A.1
O75369,FLNB_HUMAN,Filamin-B
O75376,NCOR1_HUMAN,Nuclear receptor corepressor 1
O75379,VAMP4_HUMAN,Vesicle-associated membrane protein 4
O75390,CISY_HUMAN,"Citrate synthase, mitochondrial"
O75396,SC22B_HUMAN,Vesicle-trafficking protein SEC22b
O75438,NDUB1_HUMAN,NADH dehydrogenase [ubiquinone] 1 beta subcomplex subunit 1
O75443,TECTA_HUMAN,Alpha-tectorin
O75449,KTNA1_HUMAN,Katanin p60 ATPase-containing subunit A1
O75469,NR1I2_HUMAN,Nuclear receptor subfamily 1 group I member 2
O75475,PSIP1_HUMAN,PC4 and SFRS1-interacting protein
O75486,SUPT3_HUMAN,Transcription initiation protein SPT3 homolog
O75503,CLN5_HUMAN,Bis(monoacylglycero)phosphate synthase CLN5
O75554,WBP4_HUMAN,WW domain-binding protein 4
O75558,STX11_HUMAN,Syntaxin-11
O75564,JERKY_HUMAN,Jerky protein homolog
O75594,PGRP1_HUMAN,Peptidoglycan recognition protein 1
O75610,LFTY1_HUMAN,Left-right determination factor 1
O75618,DEDD_HUMAN,Death effector domain-containing protein
O75628,REM1_HUMAN,GTP-binding protein REM 1
O75629,CREG1_HUMAN,Protein CREG1
O75638,CTAG2_HUMAN,Cancer/testis antigen 2
O75648,MTU1_HUMAN,Mitochondrial tRNA-specific 2-thiouridylase 1
O75674,TM1L1_HUMAN,TOM1-like protein 1
O75679,RFPL3_HUMAN,Ret finger protein-like 3
O75683,SURF6_HUMAN,Surfeit locus protein 6
O75752,B3GL1_HUMAN,"UDP-GalNAc:beta-1,3-N-acetylgalactosaminyltransferase 1"
O75762,TRPA1_HUMAN,Transient receptor potential cation channel subfamily A member 1
O75781,PALM_HUMAN,Paralemmin-1
O75807,PR15A_HUMAN,Protein phosphatase 1 regulatory subunit 15A
O75815,BCAR3_HUMAN,Breast cancer anti-estrogen resistance protein 3
O75821,EIF3G_HUMAN,Eukaryotic translation initiation factor 3 subunit G
O75828,CBR3_HUMAN,Carbonyl reductase [NADPH] 3
O75838,CIB2_HUMAN,Calcium and integrin-binding family member 2
O75864,PPR37_HUMAN,Protein phosphatase 1 regulatory subunit 37
O75879,GATB_HUMAN,"Glutamyl-tRNA(Gln) amidotransferase subunit B, mitochondrial"
O75882,ATRN_HUMAN,Attractin
O75884,RBBP9_HUMAN,Serine hydrolase RBBP9
O75897,ST1C4_HUMAN,Sulfotransferase 1C4
O75928,PIAS2_HUMAN,E3 SUMO-protein ligase PIAS2
O75935,DCTN3_HUMAN,Dynactin subunit 3
O75952,CABYR_HUMAN,Calcium-binding tyrosine phosphorylation-regulated protein
O75956,CDKA2_HUMAN,Cyclin-dependent kinase 2-associated protein 2
O75964,ATP5L_HUMAN,"ATP synthase subunit g, mitochondrial"
O75969,AKAP3_HUMAN,A-kinase anchor protein 3
O76027,ANXA9_HUMAN,Annexin A9
O76039,CDKL5_HUMAN,Cyclin-dependent kinase-like 5
O76074,PDE5A_HUMAN,"cGMP-specific 3',5'-cyclic phosphodiesterase"
O76075,DFFB_HUMAN,DNA fragmentation factor subunit beta
O76093,FGF18_HUMAN,Fibroblast growth factor 18
O77932,DXO_HUMAN,Decapping and exoribonuclease protein
O94762,RECQ5_HUMAN,ATP-dependent DNA helicase Q5
O94768,ST17B_HUMAN,Serine/threonine-protein kinase 17B
O94805,ACL6B_HUMAN,Actin-like protein 6B
O94808,GFPT2_HUMAN,Glutamine--fructose-6-phosphate aminotransferase [isomerizing] 2
O94810,RGS11_HUMAN,Regulator of G-protein signaling 11
O94818,NOL4_HUMAN,Nucleolar protein 4
O94876,TMCC1_HUMAN,Transmembrane and coiled-coil domains protein 1
O94898,LRIG2_HUMAN,Leucine-rich repeats and immunoglobulin-like domains protein 2
O94901,SUN1_HUMAN,SUN domain-containing protein 1
O94923,GLCE_HUMAN,D-glucuronyl C5-epimerase
O94964,MTCL2_HUMAN,Microtubule cross-linking factor 2
O94983,CMTA2_HUMAN,Calmodulin-binding transcription activator 2
O94985,CSTN1_HUMAN,Calsyntenin-1
O94993,SOX30_HUMAN,Transcription factor SOX-30
O95047,OR2A4_HUMAN,Olfactory receptor 2A4
O95049,ZO3_HUMAN,Tight junction protein ZO-3
O95125,ZN202_HUMAN,Zinc finger protein 202
O95139,NDUB6_HUMAN,NADH dehydrogenase [ubiquinone] 1 beta subcomplex subunit 6
O95153,RIMB1_HUMAN,Peripheral-type benzodiazepine receptor-associated protein 1
O95154,ARK73_HUMAN,Aflatoxin B1 aldehyde reductase member 3
O95155,UBE4B_HUMAN,Ubiquitin conjugation factor E4 B
O95169,NDUB8_HUMAN,"NADH dehydrogenase [ubiquinone] 1 beta subcomplex subunit 8, mitochondrial"
O95208,EPN2_HUMAN,Epsin-2
O95237,LRAT_HUMAN,Lecithin retinol acyltransferase
O95248,MTMR5_HUMAN,Myotubularin-related protein 5
O95260,ATE1_HUMAN,Arginyl-tRNA--protein transferase 1
O95274,LYPD3_HUMAN,Ly6/PLAUR domain-containing protein 3
O95294,RASL1_HUMAN,RasGAP-activating-like protein 1
O95298,NDUC2_HUMAN,NADH dehydrogenase [ubiquinone] 1 subunit C2
O95342,ABCBB_HUMAN,Bile salt export pump
O95343,SIX3_HUMAN,Homeobox protein SIX3
O95352,ATG7_HUMAN,Ubiquitin-like modifier-activating enzyme ATG7
O95361,TRI16_HUMAN,Tripartite motif-containing protein 16
O95373,IPO7_HUMAN,Importin-7
O95393,BMP10_HUMAN,Bone morphogenetic protein 10
O95394,AGM1_HUMAN,Phosphoacetylglucosamine mutase
O95415,BRI3_HUMAN,Membrane protein BRI3
O95427,PIGN_HUMAN,GPI ethanolamine phosphate transferase 1
O95429,BAG4_HUMAN,BAG family molecular chaperone regulator 4
O95447,LCA5L_HUMAN,Lebercilin-like protein
O95466,FMNL1_HUMAN,Formin-like protein 1
O95470,SGPL1_HUMAN,Sphingosine-1-phosphate lyase 1
O95479,G6PE_HUMAN,GDH/6PGL endoplasmic bifunctional protein
O95497,VNN1_HUMAN,Pantetheinase
O95528,GTR10_HUMAN,"Solute carrier family 2, facilitated glucose transporter member 10"
O95544,NADK_HUMAN,NAD kinase
O95571,ETHE1_HUMAN,"Persulfide dioxygenase ETHE1, mitochondrial"
O95622,ADCY5_HUMAN,Adenylate cyclase type 5
O95630,STABP_HUMAN,STAM-binding protein
O95670,VATG2_HUMAN,V-type proton ATPase subunit G 2
O95674,CDS2_HUMAN,Phosphatidate cytidylyltransferase 2
O95714,HERC2_HUMAN,E3 ubiquitin-protein ligase HERC2
O95741,CPNE6_HUMAN,Copine-6
O95750,FGF19_HUMAN,Fibroblast growth factor 19
O95758,PTBP3_HUMAN,Polypyrimidine tract-binding protein 3
O95777,LSM8_HUMAN,U6 snRNA-associated Sm-like protein LSm8
O95782,AP2A1_HUMAN,AP-2 complex subunit alpha-1
O95793,STAU1_HUMAN,Double-stranded RNA-binding protein Staufen homolog 1
O95807,TM50A_HUMAN,Transmembrane protein 50A
O95835,LATS1_HUMAN,Serine/threonine-protein kinase LATS1
O95843,GUC1C_HUMAN,Guanylyl cyclase-activating protein 3
O95876,FRITZ_HUMAN,WD repeat-containing and planar cell polarity effector protein fritz homolog
O95881,TXD12_HUMAN,Thioredoxin domain-containing protein 12
O95886,DLGP3_HUMAN,Disks large-associated protein 3
O95905,ECD_HUMAN,Protein ecdysoneless homolog
O95907,MOT3_HUMAN,Monocarboxylate transporter 3
O95944,NCTR2_HUMAN,Natural cytotoxicity triggering receptor 2
O95977,S1PR4_HUMAN,Sphingosine 1-phosphate receptor 4
O95990,F107A_HUMAN,Actin-associated protein FAM107A
O95996,APCL_HUMAN,Adenomatous polyposis coli protein 2
O96000,NDUBA_HUMAN,NADH dehydrogenase [ubiquinone] 1 beta subcomplex subunit 10
O96004,HAND1_HUMAN,Heart- and neural crest derivatives-expressed protein 1
O96005,CLPT1_HUMAN,Putative lipid scramblase CLPTM1
P00338,LDHA_HUMAN,L-lactate dehydrogenase A chain
P00374,DYR_HUMAN,Dihydrofolate reductase
P00480,OTC_HUMAN,"Ornithine transcarbamylase, mitochondrial"
P00505,AATM_HUMAN,"Aspartate aminotransferase, mitochondrial"
P00519,ABL1_HUMAN,Tyrosine-protein kinase ABL1
P00846,ATP6_HUMAN,ATP synthase subunit a
P01011,AACT_HUMAN,Alpha-1-antichymotrypsin
P01185,NEU2_HUMAN,Vasopressin-neurophysin 2-copeptin
P01270,PTHY_HUMAN,Parathyroid hormone
P01275,GLUC_HUMAN,Pro-glucagon
P01308,INS_HUMAN,Insulin
P01571,IFN17_HUMAN,Interferon alpha-17
P01579,IFNG_HUMAN,Interferon gamma
P01597,KV139_HUMAN,Immunoglobulin kappa variable 1-39
P01615,KVD28_HUMAN,Immunoglobulin kappa variable 2D-28
P01732,CD8A_HUMAN,T-cell surface glycoprotein CD8 alpha chain
P01764,HV323_HUMAN,Immunoglobulin heavy variable 3-23
P01877,IGHA2_HUMAN,Immunoglobulin heavy constant alpha 2
P01909,DQA1_HUMAN,"HLA class II histocompatibility antigen, DQ alpha 1 chain"
P02452,CO1A1_HUMAN,Collagen alpha-1(I) chain
P02511,CRYAB_HUMAN,Alpha-crystallin B chain
P02538,K2C6A_HUMAN,"Keratin, type II cytoskeletal 6A"
P02649,APOE_HUMAN,Apolipoprotein E
P02679,FIBG_HUMAN,Fibrinogen gamma chain
P02743,SAMP_HUMAN,Serum amyloid P-component
P02745,C1QA_HUMAN,Complement C1q subcomponent subunit A
P02747,C1QC_HUMAN,Complement C1q subcomponent subunit C
P02748,CO9_HUMAN,Complement component C9
P02771,FETA_HUMAN,Alpha-fetoprotein
P02774,VTDB_HUMAN,Vitamin D-binding protein
P02776,PLF4_HUMAN,Platelet factor 4
P02786,TFR1_HUMAN,Transferrin receptor protein 1
P02812,PRB2_HUMAN,Basic salivary proline-rich protein 2
P03915,NU5M_HUMAN,NADH-ubiquinone oxidoreductase chain 5
P03951,FA11_HUMAN,Coagulation factor XI
P03956,MMP1_HUMAN,Interstitial collagenase
P03999,OPSB_HUMAN,Short-wave-sensitive opsin 1
P04062,GBA1_HUMAN,Lysosomal acid glucosylceramidase
P04080,CYTB_HUMAN,Cystatin-B
P04090,REL2_HUMAN,Prorelaxin H2
P04155,TFF1_HUMAN,Trefoil factor 1
P04179,SODM_HUMAN,"Superoxide dismutase [Mn], mitochondrial"
P04180,LCAT_HUMAN,Phosphatidylcholine-sterol acyltransferase
P04198,MYCN_HUMAN,N-myc proto-oncogene protein
P04201,MAS_HUMAN,Proto-oncogene Mas
P04275,VWF_HUMAN,von Willebrand factor
P04406,G3P_HUMAN,Glyceraldehyde-3-phosphate dehydrogenase
P04626,ERBB2_HUMAN,Receptor tyrosine-protein kinase erbB-2
P04731,MT1A_HUMAN,Metallothionein-1A
P04844,RPN2_HUMAN,Dolichyl-diphosphooligosaccharide--protein glycosyltransferase subunit 2
P05106,ITB3_HUMAN,Integrin beta-3
P05177,CP1A2_HUMAN,Cytochrome P450 1A2
P05204,HMGN2_HUMAN,Non-histone chromosomal protein HMG-17
P05362,ICAM1_HUMAN,Intercellular adhesion molecule 1
P05386,RLA1_HUMAN,Large ribosomal subunit protein P1
P05451,REG1A_HUMAN,Lithostathine-1-alpha
P05452,TETN_HUMAN,Tetranectin
P05787,K2C8_HUMAN,"Keratin, type II cytoskeletal 8"
P05813,CRBA1_HUMAN,Beta-crystallin A3
P05814,CASB_HUMAN,Beta-casein
P05976,MYL1_HUMAN,"Myosin light chain 1/3, skeletal muscle isoform"
P05997,CO5A2_HUMAN,Collagen alpha-2(V) chain
P06028,GLPB_HUMAN,Glycophorin-B
P06126,CD1A_HUMAN,T-cell surface glycoprotein CD1a
P06454,PTMA_HUMAN,Prothymosin alpha
P06734,FCER2_HUMAN,Low affinity immunoglobulin epsilon Fc receptor
P06756,ITAV_HUMAN,Integrin alpha-V
P06865,HEXA_HUMAN,Beta-hexosaminidase subunit alpha
P06899,H2B1J_HUMAN,Histone H2B type 1-J
P07197,NFM_HUMAN,Neurofilament medium polypeptide
P07305,H10_HUMAN,Histone H1.0
P07359,GP1BA_HUMAN,Platelet glycoprotein Ib alpha chain
P07384,CAN1_HUMAN,Calpain-1 catalytic subunit
P07438,MT1B_HUMAN,Metallothionein-1B
P07492,GRP_HUMAN,Gastrin-releasing peptide
P07510,ACHG_HUMAN,Acetylcholine receptor subunit gamma
P07737,PROF1_HUMAN,Profilin-1
P07902,GALT_HUMAN,Galactose-1-phosphate uridylyltransferase
P07910,HNRPC_HUMAN,Heterogeneous nuclear ribonucleoproteins C1/C2
P07942,LAMB1_HUMAN,Laminin subunit beta-1
P07998,RNAS1_HUMAN,Ribonuclease pancreatic
P08172,ACM2_HUMAN,Muscarinic acetylcholine receptor M2
P08253,MMP2_HUMAN,72 kDa type IV collagenase
P08519,APOA_HUMAN,Apolipoprotein(a)
P08572,CO4A2_HUMAN,Collagen alpha-2(IV) chain
P08620,FGF4_HUMAN,Fibroblast growth factor 4
P08621,RU17_HUMAN,U1 small nuclear ribonucleoprotein 70 kDa
P08637,FCG3A_HUMAN,Low affinity immunoglobulin gamma Fc region receptor III-A
P08648,ITA5_HUMAN,Integrin alpha-5
P08670,VIME_HUMAN,Vimentin
P08700,IL3_HUMAN,Interleukin-3
P08865,RSSA_HUMAN,Small ribosomal subunit protein uS2
P08887,IL6RA_HUMAN,Interleukin-6 receptor subunit alpha
P08922,ROS1_HUMAN,Proto-oncogene tyrosine-protein kinase ROS
P09017,HXC4_HUMAN,Homeobox protein Hox-C4
P09038,FGF2_HUMAN,Fibroblast growth factor 2
P09086,PO2F2_HUMAN,"POU domain, class 2, transcription factor 2"
P09466,PAEP_HUMAN,Glycodelin
P09467,F16P1_HUMAN,"Fructose-1,6-bisphosphatase 1"
P09493,TPM1_HUMAN,Tropomyosin alpha-1 chain
P09496,CLCA_HUMAN,Clathrin light chain A
P09525,ANXA4_HUMAN,Annexin A4
P09543,CN37_HUMAN,"2',3'-cyclic-nucleotide 3'-phosphodiesterase"
P09544,WNT2_HUMAN,Protein Wnt-2
P09603,CSF1_HUMAN,Macrophage colony-stimulating factor 1
P09668,CATH_HUMAN,Pro-cathepsin H
P09683,SECR_HUMAN,Secretin
P09758,TACD2_HUMAN,Tumor-associated calcium signal transducer 2
P09769,FGR_HUMAN,Tyrosine-protein kinase Fgr
P09848,LPH_HUMAN,Lactase/phlorizin hydrolase
P09874,PARP1_HUMAN,Poly [ADP-ribose] polymerase 1
P09884,DPOLA_HUMAN,DNA polymerase alpha catalytic subunit
P09912,IFI6_HUMAN,Interferon alpha-inducible protein 6
P09914,IFIT1_HUMAN,Interferon-induced protein with tetratricopeptide repeats 1
P09936,UCHL1_HUMAN,Ubiquitin carboxyl-terminal hydrolase isozyme L1
P0C024,NUDT7_HUMAN,Peroxisomal coenzyme A diphosphatase NUDT7
P0C0S8,H2A1_HUMAN,Histone H2A type 1
P0C5Z0,H2AB2_HUMAN,Histone H2A-Bbd type 2/3
P0C7P0,CISD3_HUMAN,"CDGSH iron-sulfur domain-containing protein 3, mitochondrial"
P0C870,JMJD7_HUMAN,Bifunctional peptidase and (3S)-lysyl hydroxylase JMJD7
P0CAP2,GRL1A_HUMAN,DNA-directed RNA polymerase II subunit GRINL1A
P0CG20,PRR35_HUMAN,Proline-rich protein 35
P0DI81,TPC2A_HUMAN,Trafficking protein particle complex subunit 2
P0DI82,TPC2B_HUMAN,Trafficking protein particle complex subunit 2B
P0DI83,NARR_HUMAN,"Ras-related protein Rab-34, isoform NARR"
